timestamp,aqi,temperature,humidity,status,alert
2026-06-09 13:57:56.344898,270,25.62,60.71,Hazardous,Safe
2026-06-09 13:58:01.369459,105,39.36,84.17,Poor,Safe
2026-06-09 13:58:06.386481,355,18.44,46.3,Hazardous,WARNING: Hazardous Air Quality
2026-06-09 13:58:11.395841,151,31.89,44.15,Poor,Safe
2026-06-09 13:58:16.403929,445,35.03,40.3,Hazardous,WARNING: Hazardous Air Quality
2026-06-09 13:58:21.420152,133,29.73,87.53,Poor,Safe
2026-06-09 13:58:26.437670,189,27.96,79.5,Poor,Safe
2026-06-09 13:58:31.454041,170,24.05,53.33,Poor,Safe
2026-06-09 13:58:36.472942,295,24.69,66.1,Hazardous,Safe
2026-06-09 13:58:41.487243,170,39.23,84.85,Poor,Safe
2026-06-09 13:58:46.503194,244,23.96,61.87,Hazardous,Safe
2026-06-09 13:58:51.518554,89,24.37,72.79,Moderate,Safe
2026-06-09 13:58:56.527408,357,24.54,51.56,Hazardous,WARNING: Hazardous Air Quality
2026-06-09 13:59:01.536882,126,40.77,80.23,Poor,Safe
2026-06-09 13:59:06.551682,41,37.27,72.72,Good,Safe
2026-06-09 13:59:11.568100,409,40.15,86.55,Hazardous,WARNING: Hazardous Air Quality
2026-06-09 13:59:16.572129,405,29.68,38.71,Hazardous,WARNING: Hazardous Air Quality
2026-06-09 13:59:21.585144,178,31.5,73.19,Poor,Safe
2026-06-09 13:59:26.601808,232,29.59,55.89,Hazardous,Safe
2026-06-09 13:59:31.619208,219,21.18,45.88,Hazardous,Safe
2026-06-09 13:59:36.634696,234,27.17,67.57,Hazardous,Safe
2026-06-09 13:59:41.684432,254,29.39,66.0,Hazardous,Safe
2026-06-09 13:59:46.699453,173,28.34,63.32,Poor,Safe
2026-06-09 13:59:51.702379,180,21.47,70.92,Poor,Safe
2026-06-09 13:59:56.717119,300,22.76,70.63,Hazardous,Safe
2026-06-09 14:00:01.734116,66,24.68,72.49,Moderate,Safe
2026-06-09 14:00:06.749621,261,40.93,83.71,Hazardous,Safe
2026-06-09 14:00:11.766016,121,39.22,31.49,Poor,Safe
2026-06-09 14:00:16.782423,388,27.75,41.15,Hazardous,WARNING: Hazardous Air Quality
2026-06-09 14:00:21.799610,131,25.46,65.39,Poor,Safe
2026-06-09 14:00:26.813315,325,33.54,42.97,Hazardous,WARNING: Hazardous Air Quality
2026-06-09 14:00:31.831780,247,37.21,59.9,Hazardous,Safe
2026-06-09 14:00:36.849520,32,30.16,73.6,Good,Safe
2026-06-09 14:00:41.859306,208,18.23,48.48,Hazardous,Safe
2026-06-09 14:00:46.865821,353,33.24,34.59,Hazardous,WARNING: Hazardous Air Quality
2026-06-09 14:00:51.873209,314,38.97,37.59,Hazardous,WARNING: Hazardous Air Quality
2026-06-09 14:00:56.891562,412,27.0,75.12,Hazardous,WARNING: Hazardous Air Quality
2026-06-09 14:01:01.897560,56,36.31,50.72,Moderate,Safe
2026-06-09 14:01:06.915013,131,31.37,32.43,Poor,Safe
2026-06-09 14:01:11.931327,244,19.23,53.86,Hazardous,Safe
2026-06-09 14:01:16.948696,29,37.41,69.2,Good,Safe
2026-06-09 14:01:21.966195,185,34.52,53.47,Poor,Safe
2026-06-09 14:01:26.972868,332,27.74,36.53,Hazardous,WARNING: Hazardous Air Quality
2026-06-09 14:01:31.989800,148,32.82,62.97,Poor,Safe
2026-06-09 14:01:36.999834,104,27.97,79.29,Poor,Safe
2026-06-09 14:01:42.016502,88,19.59,57.91,Moderate,Safe
2026-06-09 14:01:47.032951,439,20.23,74.58,Hazardous,WARNING: Hazardous Air Quality
2026-06-09 14:01:52.048225,394,28.87,34.27,Hazardous,WARNING: Hazardous Air Quality
2026-06-09 14:01:57.064533,345,32.66,39.88,Hazardous,WARNING: Hazardous Air Quality
2026-06-09 14:02:02.082959,107,27.64,65.95,Poor,Safe
2026-06-09 14:02:07.097732,273,28.23,70.29,Hazardous,Safe
2026-06-09 14:02:12.114118,28,35.31,47.99,Good,Safe
2026-06-09 14:02:17.131624,104,25.51,65.79,Poor,Safe
2026-06-09 14:02:22.148562,147,26.94,49.99,Poor,Safe
2026-06-09 14:02:27.165327,70,21.34,81.78,Moderate,Safe
2026-06-09 14:02:32.180176,336,26.98,50.45,Hazardous,WARNING: Hazardous Air Quality
2026-06-09 14:02:37.197666,445,38.0,68.01,Hazardous,WARNING: Hazardous Air Quality
2026-06-09 14:02:42.214235,238,38.16,34.27,Hazardous,Safe
2026-06-09 14:02:47.230087,181,33.14,87.92,Poor,Safe
2026-06-09 14:02:52.241138,133,25.3,38.6,Poor,Safe
2026-06-09 14:02:57.244903,56,39.04,80.48,Moderate,Safe
2026-06-09 14:03:02.248545,32,31.39,43.74,Good,Safe
2026-06-09 14:03:07.262959,52,25.51,32.93,Moderate,Safe
2026-06-09 14:03:12.275168,198,21.99,59.15,Poor,Safe
2026-06-09 14:03:17.280686,23,36.43,66.61,Good,Safe
2026-06-09 14:03:22.295914,99,21.68,87.53,Moderate,Safe
2026-06-09 14:03:27.311830,384,41.64,48.23,Hazardous,WARNING: Hazardous Air Quality
2026-06-09 14:03:32.323736,450,41.1,42.16,Hazardous,WARNING: Hazardous Air Quality
2026-06-09 14:03:37.329373,281,32.93,69.83,Hazardous,Safe
2026-06-09 14:03:42.336563,32,41.94,44.13,Good,Safe
2026-06-09 14:03:47.345738,43,37.57,42.2,Good,Safe
2026-06-09 14:03:52.349123,238,24.36,70.17,Hazardous,Safe
2026-06-09 14:03:57.354117,287,30.77,62.13,Hazardous,Safe
2026-06-09 14:04:02.360726,367,27.57,73.28,Hazardous,WARNING: Hazardous Air Quality
2026-06-09 14:04:07.378143,143,23.46,70.35,Poor,Safe
2026-06-09 14:04:12.394714,118,40.83,64.04,Poor,Safe
2026-06-09 14:04:17.411434,431,40.98,76.95,Hazardous,WARNING: Hazardous Air Quality
2026-06-09 14:04:22.429196,337,39.96,32.68,Hazardous,WARNING: Hazardous Air Quality
2026-06-09 14:04:27.444403,23,39.85,58.73,Good,Safe
2026-06-09 14:04:32.455164,121,40.78,47.99,Poor,Safe
2026-06-09 14:04:37.460691,142,34.08,79.34,Poor,Safe
2026-06-09 14:04:42.477335,45,39.27,87.13,Good,Safe
2026-06-09 14:04:47.479530,275,32.46,76.33,Hazardous,Safe
2026-06-09 14:04:52.493837,328,26.77,76.86,Hazardous,WARNING: Hazardous Air Quality
2026-06-09 14:04:57.497670,53,37.06,87.34,Moderate,Safe
2026-06-09 14:05:02.510964,106,28.85,75.41,Poor,Safe
2026-06-09 14:05:07.527396,271,19.71,56.47,Hazardous,Safe
2026-06-09 14:05:12.543334,174,24.42,44.28,Poor,Safe
2026-06-09 14:05:17.560527,403,20.51,65.6,Hazardous,WARNING: Hazardous Air Quality
2026-06-09 14:05:22.576226,134,38.99,48.06,Poor,Safe
2026-06-09 14:05:27.588034,290,19.71,66.54,Hazardous,Safe
2026-06-09 14:05:32.593709,84,32.78,75.91,Moderate,Safe
2026-06-09 14:05:37.609842,404,25.33,45.74,Hazardous,WARNING: Hazardous Air Quality
2026-06-09 14:05:42.625828,243,33.52,76.52,Hazardous,Safe
2026-06-09 14:05:47.644636,167,41.93,68.91,Poor,Safe
2026-06-09 14:05:52.660473,163,19.05,67.25,Poor,Safe
2026-06-09 14:05:57.675601,91,23.27,41.52,Moderate,Safe
2026-06-09 14:06:02.693458,390,37.13,76.14,Hazardous,WARNING: Hazardous Air Quality
2026-06-09 14:06:07.710086,446,19.3,38.56,Hazardous,WARNING: Hazardous Air Quality
2026-06-09 14:06:12.724103,70,19.25,32.24,Moderate,Safe
2026-06-09 14:06:17.741733,353,33.88,86.09,Hazardous,WARNING: Hazardous Air Quality
2026-06-09 14:06:22.757793,249,41.49,34.57,Hazardous,Safe
2026-06-09 14:06:27.775838,67,27.12,86.69,Moderate,Safe
2026-06-09 14:06:32.791759,197,38.53,61.57,Poor,Safe
2026-06-09 14:06:37.808029,233,39.54,45.98,Hazardous,Safe
2026-06-09 14:06:42.824494,222,25.11,54.05,Hazardous,Safe
2026-06-09 14:06:47.840954,68,33.39,80.91,Moderate,Safe
2026-06-09 14:06:52.857582,70,23.83,54.47,Moderate,Safe
2026-06-09 14:06:57.874136,85,38.7,88.1,Moderate,Safe
2026-06-09 14:07:02.890668,41,31.65,82.47,Good,Safe
2026-06-09 14:07:07.907375,173,34.63,56.64,Poor,Safe
2026-06-09 14:07:12.917824,245,25.31,55.02,Hazardous,Safe
2026-06-09 14:07:17.924086,225,20.59,75.32,Hazardous,Safe
2026-06-09 14:07:22.939917,348,20.97,79.18,Hazardous,WARNING: Hazardous Air Quality
2026-06-09 14:07:27.955838,427,26.68,46.71,Hazardous,WARNING: Hazardous Air Quality
2026-06-09 14:07:32.973719,107,34.18,37.47,Poor,Safe
2026-06-09 14:07:37.990295,238,29.93,67.9,Hazardous,Safe
2026-06-09 14:07:43.009011,241,23.27,58.17,Hazardous,Safe
2026-06-09 14:07:48.023029,259,33.11,78.33,Hazardous,Safe
2026-06-09 14:07:53.039116,151,34.86,48.48,Poor,Safe
2026-06-09 14:07:58.054676,52,25.6,73.64,Moderate,Safe
2026-06-09 14:08:03.068355,407,39.88,79.94,Hazardous,WARNING: Hazardous Air Quality
2026-06-09 14:08:08.072875,227,24.13,59.03,Hazardous,Safe
2026-06-09 14:08:13.079523,73,29.98,37.5,Moderate,Safe
2026-06-09 14:08:18.088310,265,20.07,37.43,Hazardous,Safe
2026-06-09 14:08:23.103199,122,23.2,62.07,Poor,Safe
2026-06-09 14:08:28.122169,59,22.51,74.17,Moderate,Safe
2026-06-09 14:08:33.141897,385,23.71,66.83,Hazardous,WARNING: Hazardous Air Quality
2026-06-09 14:08:38.156543,372,28.03,86.6,Hazardous,WARNING: Hazardous Air Quality
2026-06-09 14:08:43.171525,399,27.0,87.29,Hazardous,WARNING: Hazardous Air Quality
2026-06-09 14:08:48.179857,69,28.94,52.4,Moderate,Safe
2026-06-09 14:08:53.189490,163,25.19,39.13,Poor,Safe
2026-06-09 14:08:58.204534,97,31.26,64.12,Moderate,Safe
2026-06-09 14:09:03.220591,255,28.42,45.98,Hazardous,Safe
2026-06-09 14:09:08.238539,425,31.7,89.0,Hazardous,WARNING: Hazardous Air Quality
2026-06-09 14:09:13.255784,125,39.38,47.07,Poor,Safe
2026-06-09 14:09:18.262925,398,29.53,64.31,Hazardous,WARNING: Hazardous Air Quality
2026-06-09 14:09:23.272084,378,38.91,74.26,Hazardous,WARNING: Hazardous Air Quality
2026-06-09 14:09:28.288224,430,23.18,84.75,Hazardous,WARNING: Hazardous Air Quality
2026-06-09 14:09:33.303205,107,31.75,71.29,Poor,Safe
2026-06-09 14:09:38.319039,87,35.66,50.06,Moderate,Safe
2026-06-09 14:09:43.336912,280,29.05,64.76,Hazardous,Safe
2026-06-09 14:09:48.347995,108,40.85,72.83,Poor,Safe
2026-06-09 14:09:53.353671,73,22.67,81.29,Moderate,Safe
2026-06-09 14:09:58.370511,386,25.67,86.73,Hazardous,WARNING: Hazardous Air Quality
2026-06-09 14:10:03.386489,407,38.88,64.57,Hazardous,WARNING: Hazardous Air Quality
2026-06-09 14:10:08.400496,311,18.12,76.01,Hazardous,WARNING: Hazardous Air Quality
2026-06-09 14:10:13.404283,29,23.9,64.69,Good,Safe
2026-06-09 14:10:18.416862,24,31.71,77.19,Good,Safe
2026-06-09 14:10:23.420455,401,41.78,44.22,Hazardous,WARNING: Hazardous Air Quality
2026-06-09 14:10:28.435740,281,25.02,38.23,Hazardous,Safe
2026-06-09 14:10:33.453730,319,38.51,73.51,Hazardous,WARNING: Hazardous Air Quality
2026-06-09 14:10:38.470524,60,25.09,83.31,Moderate,Safe
2026-06-09 14:10:43.486280,54,39.0,47.21,Moderate,Safe
2026-06-09 14:10:48.502235,243,32.1,78.89,Hazardous,Safe
2026-06-09 14:10:53.510324,259,38.14,71.78,Hazardous,Safe
2026-06-09 14:10:58.517874,386,34.93,86.31,Hazardous,WARNING: Hazardous Air Quality
2026-06-09 14:11:03.535010,99,39.09,67.93,Moderate,Safe
2026-06-09 14:11:08.545262,306,32.5,82.95,Hazardous,WARNING: Hazardous Air Quality
2026-06-09 14:11:13.552851,169,29.95,87.08,Poor,Safe
2026-06-09 14:11:18.578856,433,36.96,66.73,Hazardous,WARNING: Hazardous Air Quality
2026-06-09 14:11:23.618548,401,26.36,80.96,Hazardous,WARNING: Hazardous Air Quality
2026-06-09 14:11:28.635360,24,26.59,74.63,Good,Safe
2026-06-09 14:11:33.642435,379,26.23,38.53,Hazardous,WARNING: Hazardous Air Quality
2026-06-09 14:11:38.684303,401,38.12,83.21,Hazardous,WARNING: Hazardous Air Quality
2026-06-09 14:11:43.715998,386,21.06,54.72,Hazardous,WARNING: Hazardous Air Quality
2026-06-09 14:11:48.785826,407,25.89,87.79,Hazardous,WARNING: Hazardous Air Quality
2026-06-09 14:11:53.892122,258,33.45,81.53,Hazardous,Safe
2026-06-09 14:11:58.917113,364,29.75,74.77,Hazardous,WARNING: Hazardous Air Quality
2026-06-09 14:12:03.938076,54,34.12,63.37,Moderate,Safe
2026-06-09 14:12:08.956642,239,32.86,35.27,Hazardous,Safe
2026-06-09 14:12:13.969534,267,34.26,47.46,Hazardous,Safe
2026-06-09 14:12:18.985789,192,27.74,57.76,Poor,Safe
2026-06-09 14:12:24.002974,282,35.57,78.72,Hazardous,Safe
2026-06-09 14:12:29.013942,273,24.49,36.46,Hazardous,Safe
2026-06-09 14:12:34.026638,421,35.75,58.16,Hazardous,WARNING: Hazardous Air Quality
2026-06-09 14:12:39.033317,118,31.61,68.25,Poor,Safe
2026-06-09 14:12:44.049221,303,20.61,81.93,Hazardous,WARNING: Hazardous Air Quality
2026-06-09 14:12:49.065821,81,33.62,84.47,Moderate,Safe
2026-06-09 14:12:54.071805,60,19.84,86.61,Moderate,Safe
2026-06-09 14:12:59.084691,279,23.64,30.96,Hazardous,Safe
2026-06-09 14:13:04.097861,341,20.69,80.15,Hazardous,WARNING: Hazardous Air Quality
2026-06-09 14:13:09.115305,118,29.43,82.39,Poor,Safe
2026-06-09 14:13:14.125999,27,30.39,81.98,Good,Safe
2026-06-09 14:13:19.133030,350,33.34,38.45,Hazardous,WARNING: Hazardous Air Quality
2026-06-09 14:13:24.148266,232,29.95,57.19,Hazardous,Safe
2026-06-09 14:13:29.166140,365,36.72,39.96,Hazardous,WARNING: Hazardous Air Quality
2026-06-09 14:13:34.182815,420,33.79,60.18,Hazardous,WARNING: Hazardous Air Quality
2026-06-09 14:13:39.190946,74,23.62,31.79,Moderate,Safe
2026-06-09 14:13:44.198491,152,24.14,58.52,Poor,Safe
2026-06-09 14:13:49.214234,429,36.5,66.72,Hazardous,WARNING: Hazardous Air Quality
2026-06-09 14:13:54.231219,155,37.4,87.33,Poor,Safe
2026-06-09 14:13:59.238538,192,32.69,51.34,Poor,Safe
2026-06-09 14:14:04.243715,38,34.14,87.97,Good,Safe
2026-06-09 14:14:09.248774,422,18.52,60.81,Hazardous,WARNING: Hazardous Air Quality
2026-06-09 14:14:14.252037,59,23.96,77.1,Moderate,Safe
2026-06-09 14:14:19.263874,49,40.67,64.54,Good,Safe
2026-06-09 14:14:24.278062,392,31.61,57.87,Hazardous,WARNING: Hazardous Air Quality
2026-06-09 14:14:29.294743,397,26.26,65.06,Hazardous,WARNING: Hazardous Air Quality
2026-06-09 14:14:34.300383,435,37.27,38.77,Hazardous,WARNING: Hazardous Air Quality
2026-06-09 14:14:39.308871,151,32.72,85.67,Poor,Safe
2026-06-09 14:14:44.314665,110,36.4,35.01,Poor,Safe
2026-06-09 14:14:49.322482,329,20.74,51.25,Hazardous,WARNING: Hazardous Air Quality
2026-06-09 14:14:54.340682,246,27.74,60.58,Hazardous,Safe
2026-06-09 14:14:59.347720,148,18.38,60.56,Poor,Safe
2026-06-09 14:15:04.363517,270,37.36,76.62,Hazardous,Safe
2026-06-09 14:15:09.377970,310,39.32,40.05,Hazardous,WARNING: Hazardous Air Quality
2026-06-09 14:15:14.397002,221,31.71,88.6,Hazardous,Safe
2026-06-09 14:15:19.406981,145,26.88,59.44,Poor,Safe
2026-06-09 14:15:24.412816,326,37.22,69.95,Hazardous,WARNING: Hazardous Air Quality
2026-06-09 14:15:29.427158,258,39.44,76.98,Hazardous,Safe
2026-06-09 14:15:34.442340,350,23.24,63.66,Hazardous,WARNING: Hazardous Air Quality
2026-06-09 14:15:39.456822,245,41.35,53.63,Hazardous,Safe
2026-06-09 14:15:44.462944,198,40.32,58.53,Poor,Safe
2026-06-09 14:15:49.467128,112,30.14,77.19,Poor,Safe
2026-06-09 14:15:54.479345,226,27.98,68.89,Hazardous,Safe
2026-06-09 14:15:59.486405,352,25.47,34.03,Hazardous,WARNING: Hazardous Air Quality
2026-06-09 14:16:04.493776,29,24.94,55.02,Good,Safe
2026-06-09 14:16:09.511854,139,39.56,38.92,Poor,Safe
2026-06-09 14:16:14.528470,64,38.52,61.74,Moderate,Safe
2026-06-09 14:16:19.534945,396,29.84,50.21,Hazardous,WARNING: Hazardous Air Quality
2026-06-09 14:16:24.543471,372,29.48,88.21,Hazardous,WARNING: Hazardous Air Quality
2026-06-09 14:16:29.559369,79,19.25,65.82,Moderate,Safe
2026-06-09 14:16:34.567095,350,27.84,67.69,Hazardous,WARNING: Hazardous Air Quality
2026-06-09 14:16:39.577025,157,37.63,61.23,Poor,Safe
2026-06-09 14:16:44.593816,101,38.74,83.65,Poor,Safe
2026-06-09 14:16:49.608713,121,26.1,88.12,Poor,Safe
2026-06-09 14:16:54.620569,205,39.7,76.44,Hazardous,Safe
2026-06-09 14:16:59.640441,162,19.07,78.7,Poor,Safe
2026-06-09 14:17:04.644923,289,25.22,68.98,Hazardous,Safe
2026-06-09 14:17:09.659608,218,33.4,59.68,Hazardous,Safe
2026-06-09 14:17:14.667365,112,19.59,69.73,Poor,Safe
2026-06-09 14:17:19.673021,123,20.31,82.44,Poor,Safe
2026-06-09 14:17:24.690909,247,22.0,72.08,Hazardous,Safe
2026-06-09 14:17:29.705851,264,24.76,45.92,Hazardous,Safe
2026-06-09 14:17:34.710473,394,29.63,73.81,Hazardous,WARNING: Hazardous Air Quality
2026-06-09 14:17:39.724802,295,27.57,56.6,Hazardous,Safe
2026-06-09 14:17:44.734020,91,28.66,50.23,Moderate,Safe
2026-06-09 14:17:49.742347,65,39.67,35.35,Moderate,Safe
2026-06-09 14:17:54.757808,235,31.59,62.61,Hazardous,Safe
2026-06-09 14:17:59.775150,442,36.54,39.5,Hazardous,WARNING: Hazardous Air Quality
2026-06-09 14:18:04.791580,402,23.94,51.23,Hazardous,WARNING: Hazardous Air Quality
2026-06-09 14:18:09.806924,255,31.51,77.13,Hazardous,Safe
2026-06-09 14:18:14.824811,343,20.72,49.78,Hazardous,WARNING: Hazardous Air Quality
2026-06-09 14:18:19.840778,435,35.86,85.91,Hazardous,WARNING: Hazardous Air Quality
2026-06-09 14:18:24.858968,360,34.14,81.24,Hazardous,WARNING: Hazardous Air Quality
2026-06-09 14:18:29.874525,383,39.71,46.76,Hazardous,WARNING: Hazardous Air Quality
2026-06-09 14:18:34.890301,338,22.26,67.78,Hazardous,WARNING: Hazardous Air Quality
2026-06-09 14:18:39.906851,413,26.79,41.39,Hazardous,WARNING: Hazardous Air Quality
2026-06-09 14:18:44.923435,25,34.67,77.99,Good,Safe
2026-06-09 14:18:49.940312,373,22.01,61.66,Hazardous,WARNING: Hazardous Air Quality
2026-06-09 14:18:54.953224,291,28.0,71.05,Hazardous,Safe
2026-06-09 14:18:59.957349,380,40.97,46.58,Hazardous,WARNING: Hazardous Air Quality
2026-06-09 14:19:04.970059,266,40.72,72.22,Hazardous,Safe
2026-06-09 14:19:09.974823,252,35.9,43.97,Hazardous,Safe
2026-06-09 14:19:14.986453,370,26.85,54.53,Hazardous,WARNING: Hazardous Air Quality
2026-06-09 14:19:19.998480,114,24.86,37.99,Poor,Safe
2026-06-09 14:19:25.005928,286,21.97,77.68,Hazardous,Safe
2026-06-09 14:19:30.013871,287,33.01,41.87,Hazardous,Safe
2026-06-09 14:19:35.023177,305,21.91,58.29,Hazardous,WARNING: Hazardous Air Quality
2026-06-09 14:19:40.027593,225,39.41,77.18,Hazardous,Safe
2026-06-09 14:19:45.030143,442,34.34,76.49,Hazardous,WARNING: Hazardous Air Quality
2026-06-09 14:19:50.039527,385,24.74,36.47,Hazardous,WARNING: Hazardous Air Quality
2026-06-09 14:19:55.055606,245,31.23,64.98,Hazardous,Safe
2026-06-09 14:20:00.072312,119,34.68,73.71,Poor,Safe
2026-06-09 14:20:05.083367,96,29.09,60.01,Moderate,Safe
2026-06-09 14:20:10.089824,442,41.55,89.91,Hazardous,WARNING: Hazardous Air Quality
2026-06-09 14:20:15.100047,184,25.55,53.5,Poor,Safe
2026-06-09 14:20:20.105323,223,32.61,39.25,Hazardous,Safe
2026-06-09 14:20:25.115538,309,38.59,52.06,Hazardous,WARNING: Hazardous Air Quality
2026-06-09 14:20:30.118594,247,29.63,69.89,Hazardous,Safe
2026-06-09 14:20:35.123441,233,37.49,65.21,Hazardous,Safe
2026-06-09 14:20:40.137386,441,28.98,51.59,Hazardous,WARNING: Hazardous Air Quality
2026-06-09 14:20:45.152835,363,35.26,76.61,Hazardous,WARNING: Hazardous Air Quality
2026-06-09 14:20:50.169873,96,26.7,88.81,Moderate,Safe
2026-06-09 14:20:55.186089,395,35.68,73.37,Hazardous,WARNING: Hazardous Air Quality
2026-06-09 14:21:00.203862,414,30.26,52.0,Hazardous,WARNING: Hazardous Air Quality
2026-06-09 14:21:05.220183,306,39.74,82.81,Hazardous,WARNING: Hazardous Air Quality
2026-06-09 14:21:10.237468,304,20.47,87.32,Hazardous,WARNING: Hazardous Air Quality
2026-06-09 14:21:15.253189,294,24.07,65.31,Hazardous,Safe
2026-06-09 14:21:20.270958,392,26.09,68.77,Hazardous,WARNING: Hazardous Air Quality
2026-06-09 14:21:25.287580,229,37.01,48.25,Hazardous,Safe
2026-06-09 14:21:30.300112,188,20.51,56.78,Poor,Safe
2026-06-09 14:21:35.304485,445,29.23,51.1,Hazardous,WARNING: Hazardous Air Quality
2026-06-09 14:21:40.319703,102,34.64,51.13,Poor,Safe
2026-06-09 14:21:45.335597,387,22.82,75.94,Hazardous,WARNING: Hazardous Air Quality
2026-06-09 14:21:50.345826,146,32.88,75.29,Poor,Safe
2026-06-09 14:21:55.353361,39,30.72,35.97,Good,Safe
2026-06-09 14:22:00.369208,191,36.33,89.14,Poor,Safe
2026-06-09 14:22:05.386390,275,30.04,68.47,Hazardous,Safe
2026-06-09 14:22:10.401490,322,41.63,34.88,Hazardous,WARNING: Hazardous Air Quality
2026-06-09 14:22:15.408842,25,20.53,33.68,Good,Safe
2026-06-09 14:22:20.417298,81,36.41,48.53,Moderate,Safe
2026-06-09 14:22:25.434726,87,23.83,78.98,Moderate,Safe
2026-06-09 14:22:30.441589,444,30.52,66.19,Hazardous,WARNING: Hazardous Air Quality
2026-06-09 14:22:35.451801,129,29.14,73.41,Poor,Safe
2026-06-09 14:22:40.466842,407,35.48,80.78,Hazardous,WARNING: Hazardous Air Quality
2026-06-09 14:22:45.484541,330,41.67,79.97,Hazardous,WARNING: Hazardous Air Quality
2026-06-09 14:22:50.501855,256,19.09,72.23,Hazardous,Safe
2026-06-09 14:22:55.519490,241,30.36,59.53,Hazardous,Safe
2026-06-09 14:23:00.535770,355,33.6,30.11,Hazardous,WARNING: Hazardous Air Quality
2026-06-09 14:23:05.550918,123,33.03,55.63,Poor,Safe
2026-06-09 14:23:10.567656,84,19.05,66.6,Moderate,Safe
2026-06-09 14:23:15.573998,72,33.85,42.16,Moderate,Safe
2026-06-09 14:23:20.583732,112,36.63,36.82,Poor,Safe
2026-06-09 14:23:25.600078,322,22.3,54.02,Hazardous,WARNING: Hazardous Air Quality
2026-06-09 14:23:30.609713,299,30.29,75.56,Hazardous,Safe
2026-06-09 14:23:35.617387,345,39.33,76.73,Hazardous,WARNING: Hazardous Air Quality
2026-06-09 14:23:40.627939,20,22.6,83.08,Good,Safe
2026-06-09 14:23:45.637773,253,25.49,67.15,Hazardous,Safe
2026-06-09 14:23:50.649801,69,36.2,61.16,Moderate,Safe
2026-06-09 14:23:55.666269,258,36.76,67.96,Hazardous,Safe
2026-06-09 14:24:00.669971,212,35.3,68.78,Hazardous,Safe
2026-06-09 14:24:05.680364,297,37.09,43.3,Hazardous,Safe
2026-06-09 14:24:10.696154,150,21.42,71.55,Poor,Safe
2026-06-09 14:24:15.700418,370,23.19,47.52,Hazardous,WARNING: Hazardous Air Quality
2026-06-09 14:24:20.711625,280,40.87,39.56,Hazardous,Safe
2026-06-09 14:24:25.715458,401,33.94,48.88,Hazardous,WARNING: Hazardous Air Quality
2026-06-09 14:24:30.730565,53,22.38,72.78,Moderate,Safe
2026-06-09 14:24:35.733867,84,36.73,68.57,Moderate,Safe
2026-06-09 14:24:40.738513,219,27.88,56.24,Hazardous,Safe
2026-06-09 14:24:45.749086,253,19.99,55.94,Hazardous,Safe
2026-06-09 14:24:50.766260,80,38.07,89.36,Moderate,Safe
2026-06-09 14:24:55.778649,362,40.76,61.61,Hazardous,WARNING: Hazardous Air Quality
2026-06-09 14:25:00.782774,385,33.58,46.88,Hazardous,WARNING: Hazardous Air Quality
2026-06-09 14:25:05.795337,184,36.14,33.15,Poor,Safe
2026-06-09 14:25:10.814204,191,22.77,75.62,Poor,Safe
2026-06-09 14:25:15.831538,193,18.46,60.31,Poor,Safe
2026-06-09 14:25:20.842139,122,21.94,56.05,Poor,Safe
2026-06-09 14:25:25.848665,270,23.08,31.8,Hazardous,Safe
2026-06-09 14:25:30.852190,187,31.96,89.7,Poor,Safe
2026-06-09 14:25:35.863143,204,25.25,37.07,Hazardous,Safe
2026-06-09 14:25:40.880340,389,24.35,80.83,Hazardous,WARNING: Hazardous Air Quality
2026-06-09 14:25:45.897114,112,23.14,64.19,Poor,Safe
2026-06-09 14:25:50.912622,186,31.01,89.15,Poor,Safe
2026-06-09 14:25:55.926529,132,27.75,58.22,Poor,Safe
2026-06-09 14:26:00.931268,168,32.82,66.83,Poor,Safe
2026-06-09 14:26:05.947867,151,23.09,77.79,Poor,Safe
2026-06-09 14:26:10.961753,270,39.31,64.89,Hazardous,Safe
2026-06-09 14:26:15.979664,131,36.88,48.42,Poor,Safe
2026-06-09 14:26:20.985430,198,37.8,81.6,Poor,Safe
2026-06-09 14:26:25.996089,73,34.07,57.01,Moderate,Safe
2026-06-09 14:26:31.006501,400,31.35,70.57,Hazardous,WARNING: Hazardous Air Quality
2026-06-09 14:26:36.012680,186,39.34,70.77,Poor,Safe
2026-06-09 14:26:41.030089,23,28.94,44.49,Good,Safe
2026-06-09 14:26:46.045448,278,33.47,87.55,Hazardous,Safe
2026-06-09 14:26:51.061497,440,24.03,81.72,Hazardous,WARNING: Hazardous Air Quality
2026-06-09 14:26:56.079644,46,26.84,48.7,Good,Safe
2026-06-09 14:27:01.093904,149,35.16,55.23,Poor,Safe
2026-06-09 14:27:06.109565,145,22.61,86.11,Poor,Safe
2026-06-09 14:27:11.128056,158,32.34,32.13,Poor,Safe
2026-06-09 14:27:16.146017,444,22.57,88.13,Hazardous,WARNING: Hazardous Air Quality
2026-06-09 14:27:21.162255,162,36.85,64.29,Poor,Safe
2026-06-09 14:27:26.178144,273,41.38,76.6,Hazardous,Safe
2026-06-09 14:27:31.195432,87,21.37,85.91,Moderate,Safe
2026-06-09 14:27:36.212239,434,31.82,70.83,Hazardous,WARNING: Hazardous Air Quality
2026-06-09 14:27:41.229009,215,41.05,36.44,Hazardous,Safe
2026-06-09 14:27:46.233448,425,20.48,74.97,Hazardous,WARNING: Hazardous Air Quality
2026-06-09 14:27:51.242219,286,34.03,82.47,Hazardous,Safe
2026-06-09 14:27:56.259087,145,28.43,34.42,Poor,Safe
2026-06-09 14:28:01.277103,32,23.95,56.8,Good,Safe
2026-06-09 14:28:06.281433,417,27.56,54.82,Hazardous,WARNING: Hazardous Air Quality
2026-06-09 14:28:11.296884,109,26.51,75.94,Poor,Safe
2026-06-09 14:28:16.312374,320,18.22,54.28,Hazardous,WARNING: Hazardous Air Quality
2026-06-09 14:28:21.325328,365,31.41,85.78,Hazardous,WARNING: Hazardous Air Quality
2026-06-09 14:28:26.343065,57,23.37,87.81,Moderate,Safe
2026-06-09 14:28:31.360137,410,31.59,66.48,Hazardous,WARNING: Hazardous Air Quality
2026-06-09 14:28:36.376746,203,27.28,32.56,Hazardous,Safe
2026-06-09 14:28:41.393873,134,27.48,60.07,Poor,Safe
2026-06-09 14:28:46.409111,172,27.91,65.12,Poor,Safe
2026-06-09 14:28:51.410438,173,20.21,36.76,Poor,Safe
2026-06-09 14:28:56.422414,381,20.41,48.58,Hazardous,WARNING: Hazardous Air Quality
2026-06-09 14:29:01.432624,146,33.61,89.79,Poor,Safe
2026-06-09 14:29:06.442673,302,27.49,74.07,Hazardous,WARNING: Hazardous Air Quality
2026-06-09 14:29:11.453199,416,31.6,36.78,Hazardous,WARNING: Hazardous Air Quality
2026-06-09 14:29:16.459810,163,29.66,45.84,Poor,Safe
2026-06-09 14:29:21.474798,226,41.37,56.03,Hazardous,Safe
2026-06-09 14:29:26.491525,209,34.96,86.04,Hazardous,Safe
2026-06-09 14:29:31.507843,38,35.31,76.13,Good,Safe
2026-06-09 14:29:36.524406,447,18.57,79.49,Hazardous,WARNING: Hazardous Air Quality
2026-06-09 14:29:41.541264,98,32.77,58.5,Moderate,Safe
2026-06-09 14:29:46.557692,347,40.98,44.85,Hazardous,WARNING: Hazardous Air Quality
2026-06-09 14:29:51.573036,340,23.14,57.01,Hazardous,WARNING: Hazardous Air Quality
2026-06-09 14:29:56.590552,290,38.1,85.2,Hazardous,Safe
2026-06-09 14:30:01.607630,204,34.71,31.31,Hazardous,Safe
2026-06-09 14:30:06.622571,386,37.7,33.93,Hazardous,WARNING: Hazardous Air Quality
2026-06-09 14:30:11.640824,318,35.46,76.09,Hazardous,WARNING: Hazardous Air Quality
2026-06-09 14:30:16.656565,262,25.95,88.35,Hazardous,Safe
2026-06-09 14:30:21.673904,441,19.87,51.63,Hazardous,WARNING: Hazardous Air Quality
2026-06-09 14:30:26.690732,179,41.09,72.79,Poor,Safe
2026-06-09 14:30:31.706712,177,26.68,70.91,Poor,Safe
2026-06-09 14:30:36.719838,76,23.98,80.61,Moderate,Safe
2026-06-09 14:30:41.724549,55,18.72,85.47,Moderate,Safe
2026-06-09 14:30:46.740749,175,20.94,89.75,Poor,Safe
2026-06-09 14:30:51.753638,397,23.12,77.56,Hazardous,WARNING: Hazardous Air Quality
2026-06-09 14:30:56.758186,436,23.64,64.67,Hazardous,WARNING: Hazardous Air Quality
2026-06-09 14:31:01.773789,58,28.2,56.4,Moderate,Safe
2026-06-09 14:31:06.788136,444,26.62,74.03,Hazardous,WARNING: Hazardous Air Quality
2026-06-09 14:31:11.808438,35,29.78,33.19,Good,Safe
2026-06-09 14:31:16.811858,93,19.7,73.66,Moderate,Safe
2026-06-09 14:31:21.823125,86,18.6,33.62,Moderate,Safe
2026-06-09 14:31:26.840520,435,29.35,88.34,Hazardous,WARNING: Hazardous Air Quality
2026-06-09 14:31:31.857046,68,41.38,80.23,Moderate,Safe
2026-06-09 14:31:36.872927,105,31.43,56.26,Poor,Safe
2026-06-09 14:31:41.878957,360,19.56,53.97,Hazardous,WARNING: Hazardous Air Quality
2026-06-09 14:31:46.891271,39,26.09,50.64,Good,Safe
2026-06-09 14:31:51.900226,62,18.63,42.66,Moderate,Safe
2026-06-09 14:31:56.911445,224,38.97,89.42,Hazardous,Safe
2026-06-09 14:32:01.924115,328,40.91,36.25,Hazardous,WARNING: Hazardous Air Quality
2026-06-09 14:32:06.938796,376,27.01,43.85,Hazardous,WARNING: Hazardous Air Quality
2026-06-09 14:32:11.957838,423,26.77,48.97,Hazardous,WARNING: Hazardous Air Quality
2026-06-09 14:32:16.975374,167,22.7,56.05,Poor,Safe
2026-06-09 14:32:21.991751,437,22.26,40.22,Hazardous,WARNING: Hazardous Air Quality
2026-06-09 14:32:27.007599,324,24.76,45.94,Hazardous,WARNING: Hazardous Air Quality
2026-06-09 14:32:32.025993,312,20.66,57.96,Hazardous,WARNING: Hazardous Air Quality
2026-06-09 14:32:37.034950,51,38.92,66.7,Moderate,Safe
2026-06-09 14:32:42.040381,52,41.07,85.79,Moderate,Safe
2026-06-09 14:32:47.057793,376,41.55,60.53,Hazardous,WARNING: Hazardous Air Quality
2026-06-09 14:32:52.067490,122,31.81,72.43,Poor,Safe
2026-06-09 14:32:57.076139,62,25.06,34.23,Moderate,Safe
2026-06-09 14:33:02.092810,426,19.91,47.83,Hazardous,WARNING: Hazardous Air Quality
2026-06-09 14:33:07.107917,300,37.84,77.97,Hazardous,Safe
2026-06-09 14:33:12.119326,90,22.61,77.63,Moderate,Safe
2026-06-09 14:33:17.126684,350,37.27,47.44,Hazardous,WARNING: Hazardous Air Quality
2026-06-09 14:33:22.144733,270,27.81,55.0,Hazardous,Safe
2026-06-09 14:33:27.163181,429,32.54,69.9,Hazardous,WARNING: Hazardous Air Quality
2026-06-09 14:33:32.176066,272,23.29,66.8,Hazardous,Safe
2026-06-09 14:33:37.192964,243,19.63,88.74,Hazardous,Safe
2026-06-09 14:33:42.199431,57,39.07,86.77,Moderate,Safe
2026-06-09 14:33:47.206834,161,31.13,30.67,Poor,Safe
2026-06-09 14:33:52.219966,29,21.76,32.8,Good,Safe
2026-06-09 14:33:57.224502,205,37.7,31.19,Hazardous,Safe
2026-06-09 14:34:02.241507,206,29.94,51.46,Hazardous,Safe
2026-06-09 14:34:07.255577,395,31.25,86.3,Hazardous,WARNING: Hazardous Air Quality
2026-06-09 14:34:12.291653,311,33.08,57.2,Hazardous,WARNING: Hazardous Air Quality
2026-06-09 14:34:17.302154,277,33.39,72.24,Hazardous,Safe
2026-06-09 14:34:22.314541,262,21.04,42.54,Hazardous,Safe
2026-06-09 14:34:27.328486,413,37.77,43.13,Hazardous,WARNING: Hazardous Air Quality
2026-06-09 14:34:32.337040,375,19.84,80.06,Hazardous,WARNING: Hazardous Air Quality
2026-06-09 14:34:37.342996,202,19.46,42.42,Hazardous,Safe
2026-06-09 14:34:42.359531,112,24.48,60.41,Poor,Safe
2026-06-09 14:34:47.370623,227,38.7,68.07,Hazardous,Safe
2026-06-09 14:34:52.381522,145,37.04,54.91,Poor,Safe
2026-06-09 14:34:57.392574,239,21.55,49.33,Hazardous,Safe
2026-06-09 14:35:02.404911,281,30.32,88.84,Hazardous,Safe
2026-06-09 14:35:07.409900,394,34.32,78.98,Hazardous,WARNING: Hazardous Air Quality
2026-06-09 14:35:12.422245,194,30.55,42.01,Poor,Safe
2026-06-09 14:35:17.428189,368,29.6,44.91,Hazardous,WARNING: Hazardous Air Quality
2026-06-09 14:35:22.444938,180,38.55,51.9,Poor,Safe
2026-06-09 14:35:27.462558,263,35.32,37.33,Hazardous,Safe
2026-06-09 14:35:32.473007,141,36.97,65.8,Poor,Safe
2026-06-09 14:35:37.490851,431,25.77,52.02,Hazardous,WARNING: Hazardous Air Quality
2026-06-09 14:35:42.496376,440,28.25,55.32,Hazardous,WARNING: Hazardous Air Quality
2026-06-09 14:35:47.511662,64,34.95,60.59,Moderate,Safe
2026-06-09 14:35:52.528471,226,41.37,87.6,Hazardous,Safe
2026-06-09 14:35:57.542279,198,24.41,68.71,Poor,Safe
2026-06-09 14:36:02.552525,383,28.85,36.1,Hazardous,WARNING: Hazardous Air Quality
2026-06-09 14:36:07.577566,444,35.84,83.16,Hazardous,WARNING: Hazardous Air Quality
2026-06-09 14:36:12.594204,272,22.88,82.08,Hazardous,Safe
2026-06-09 14:36:17.614526,158,18.61,88.32,Poor,Safe
2026-06-09 14:36:22.627619,240,27.18,83.54,Hazardous,Safe
2026-06-09 14:36:27.646338,444,22.69,35.75,Hazardous,WARNING: Hazardous Air Quality
2026-06-09 14:36:32.661138,122,34.92,39.81,Poor,Safe
2026-06-09 14:36:37.679234,295,20.06,67.76,Hazardous,Safe
2026-06-09 14:36:45.767192,36,37.45,66.77,Good,Safe
2026-06-09 14:36:47.797922,363,29.18,31.88,Hazardous,WARNING: Hazardous Air Quality
2026-06-09 14:36:49.818161,370,36.33,36.83,Hazardous,WARNING: Hazardous Air Quality
2026-06-09 14:36:51.824222,290,34.61,55.28,Hazardous,Safe
2026-06-09 14:36:53.831752,362,35.24,77.24,Hazardous,WARNING: Hazardous Air Quality
2026-06-09 14:36:55.842760,111,21.96,44.24,Poor,Safe
2026-06-09 14:36:57.861615,65,36.85,59.21,Moderate,Safe
2026-06-09 14:36:59.877141,63,39.89,59.72,Moderate,Safe
2026-06-09 14:37:01.881420,122,29.12,64.98,Poor,Safe
2026-06-09 14:37:03.890504,91,35.12,59.96,Moderate,Safe
2026-06-09 14:37:05.898281,175,31.7,73.46,Poor,Safe
2026-06-09 14:37:07.908080,392,21.33,82.3,Hazardous,WARNING: Hazardous Air Quality
2026-06-09 14:37:09.913085,79,33.28,55.05,Moderate,Safe
2026-06-09 14:37:11.928065,283,30.83,56.47,Hazardous,Safe
2026-06-09 14:37:13.938327,298,24.86,48.4,Hazardous,Safe
2026-06-09 14:37:15.947569,248,27.77,44.53,Hazardous,Safe
2026-06-09 14:37:17.962475,59,35.0,34.04,Moderate,Safe
2026-06-09 14:37:19.976982,152,37.48,87.07,Poor,Safe
2026-06-09 14:37:21.987564,37,37.52,64.78,Good,Safe
2026-06-09 14:37:23.992023,135,39.23,50.87,Poor,Safe
